{
  "Send Mail-1" : {
    "transaction" : "Send Mail-1",
    "sampleCount" : 87,
    "errorCount" : 8,
    "errorPct" : 9.195402,
    "meanResTime" : 20842.29885057471,
    "minResTime" : 58.0,
    "maxResTime" : 34005.0,
    "pct1ResTime" : 32393.8,
    "pct2ResTime" : 33268.6,
    "pct3ResTime" : 34005.0,
    "throughput" : 0.26767336465419367,
    "receivedKBytesPerSec" : 0.3154193847435412,
    "sentKBytesPerSec" : 0.03920996552551665
  },
  "Send Mail-0" : {
    "transaction" : "Send Mail-0",
    "sampleCount" : 87,
    "errorCount" : 0,
    "errorPct" : 0.0,
    "meanResTime" : 22857.298850574716,
    "minResTime" : 206.0,
    "maxResTime" : 33839.0,
    "pct1ResTime" : 32562.4,
    "pct2ResTime" : 33386.6,
    "pct3ResTime" : 33839.0,
    "throughput" : 0.26985362767023263,
    "receivedKBytesPerSec" : 0.1573267731632118,
    "sentKBytesPerSec" : 0.10119511037633726
  },
  "Total" : {
    "transaction" : "Total",
    "sampleCount" : 636,
    "errorCount" : 23,
    "errorPct" : 3.6163523,
    "meanResTime" : 27456.08333333333,
    "minResTime" : 47.0,
    "maxResTime" : 63991.0,
    "pct1ResTime" : 56483.5,
    "pct2ResTime" : 58606.2,
    "pct3ResTime" : 62672.92,
    "throughput" : 1.9227746000266046,
    "receivedKBytesPerSec" : 2.183324517152298,
    "sentKBytesPerSec" : 0.6400775354700519
  },
  "Open site" : {
    "transaction" : "Open site",
    "sampleCount" : 68,
    "errorCount" : 0,
    "errorPct" : 0.0,
    "meanResTime" : 23819.044117647067,
    "minResTime" : 193.0,
    "maxResTime" : 34301.0,
    "pct1ResTime" : 32485.5,
    "pct2ResTime" : 33378.15,
    "pct3ResTime" : 34301.0,
    "throughput" : 0.21690659300348647,
    "receivedKBytesPerSec" : 0.2281332037741747,
    "sentKBytesPerSec" : 0.030714312485845247
  },
  "Send to DB" : {
    "transaction" : "Send to DB",
    "sampleCount" : 103,
    "errorCount" : 4,
    "errorPct" : 3.883495,
    "meanResTime" : 39993.91262135923,
    "minResTime" : 95.0,
    "maxResTime" : 63603.0,
    "pct1ResTime" : 59057.8,
    "pct2ResTime" : 60909.0,
    "pct3ResTime" : 63554.15999999999,
    "throughput" : 0.3119302729844156,
    "receivedKBytesPerSec" : 0.5248474087452529,
    "sentKBytesPerSec" : 0.16925896402050866
  },
  "Send to DB-0" : {
    "transaction" : "Send to DB-0",
    "sampleCount" : 102,
    "errorCount" : 0,
    "errorPct" : 0.0,
    "meanResTime" : 19797.42156862745,
    "minResTime" : 107.0,
    "maxResTime" : 33895.0,
    "pct1ResTime" : 31452.5,
    "pct2ResTime" : 32706.05,
    "pct3ResTime" : 33893.92,
    "throughput" : 0.31266667892810507,
    "receivedKBytesPerSec" : 0.18228711652351437,
    "sentKBytesPerSec" : 0.1242129210271407
  },
  "Send to DB-1" : {
    "transaction" : "Send to DB-1",
    "sampleCount" : 102,
    "errorCount" : 3,
    "errorPct" : 2.9411764,
    "meanResTime" : 20587.637254901972,
    "minResTime" : 47.0,
    "maxResTime" : 33920.0,
    "pct1ResTime" : 31363.1,
    "pct2ResTime" : 32300.55,
    "pct3ResTime" : 33886.909999999996,
    "throughput" : 0.3093646499326677,
    "receivedKBytesPerSec" : 0.3379055292865202,
    "sentKBytesPerSec" : 0.045317087392480616
  },
  "Send Mail" : {
    "transaction" : "Send Mail",
    "sampleCount" : 87,
    "errorCount" : 8,
    "errorPct" : 9.195402,
    "meanResTime" : 43699.54022988506,
    "minResTime" : 293.0,
    "maxResTime" : 63991.0,
    "pct1ResTime" : 61658.0,
    "pct2ResTime" : 62927.799999999996,
    "pct3ResTime" : 63991.0,
    "throughput" : 0.267503820385021,
    "receivedKBytesPerSec" : 0.4711764153104428,
    "sentKBytesPerSec" : 0.13949906258359496
  }
}